<?xml version="1.0" encoding="UTF-8" ?>
<!DOCTYPE mapper PUBLIC "-//mybatis.org//DTD Mapper 3.0//EN" "http://mybatis.org/dtd/mybatis-3-mapper.dtd" >
<mapper namespace="com.bota.dao.BulletinBoardDao" >
  <resultMap id="BaseResultMap" type="com.bota.bean.BulletinBoard" >
    <id column="id" property="id" jdbcType="BIGINT" />
    <result column="title" property="title" jdbcType="VARCHAR" />
    <result column="content" property="content" jdbcType="VARCHAR" />
  </resultMap>
  <sql id="Base_Column_List" >
    id, title, content
  </sql>
  <select id="selectByPrimaryKey" resultType="com.bota.bean.BulletinBoard" parameterType="java.lang.Long" >
    select 
    <include refid="Base_Column_List" />
    from bulletinboard
    where id = #{id,jdbcType=BIGINT}
  </select>
  <delete id="deleteByPrimaryKey" parameterType="java.lang.Long" >
    delete from bulletinboard
    where id = #{id,jdbcType=BIGINT}
  </delete>
  <insert id="insert" parameterType="com.bota.bean.BulletinBoard" >
    insert into bulletinboard (id, title, content
      )
    values (#{id,jdbcType=BIGINT}, #{title,jdbcType=VARCHAR}, #{content,jdbcType=VARCHAR}
      )
  </insert>
  <insert id="insertSelective" parameterType="com.bota.bean.BulletinBoard" >
    insert into bulletinboard
    <trim prefix="(" suffix=")" suffixOverrides="," >
      <if test="id != null" >
        id,
      </if>
      <if test="title != null" >
        title,
      </if>
      <if test="content != null" >
        content,
      </if>
    </trim>
    <trim prefix="values (" suffix=")" suffixOverrides="," >
      <if test="id != null" >
        #{id,jdbcType=BIGINT},
      </if>
      <if test="title != null" >
        #{title,jdbcType=VARCHAR},
      </if>
      <if test="content != null" >
        #{content,jdbcType=VARCHAR},
      </if>
    </trim>
  </insert>
  <update id="updateByPrimaryKeySelective" parameterType="com.bota.bean.BulletinBoard" >
    update bulletinboard
    <set >
      <if test="title != null" >
        title = #{title,jdbcType=VARCHAR},
      </if>
      <if test="content != null" >
        content = #{content,jdbcType=VARCHAR},
      </if>
    </set>
    where id = #{id,jdbcType=BIGINT}
  </update>
  <update id="updateByPrimaryKey" parameterType="com.bota.bean.BulletinBoard" >
    update bulletinboard
    set title = #{title,jdbcType=VARCHAR},
      content = #{content,jdbcType=VARCHAR}
    where id = #{id,jdbcType=BIGINT}
  </update>
</mapper>