<?xml version="1.0" encoding="UTF-8" ?>
<!DOCTYPE mapper PUBLIC "-//mybatis.org//DTD Mapper 3.0//EN" "http://mybatis.org/dtd/mybatis-3-mapper.dtd" >
<mapper namespace="com.bota.dao.ClassesDao" >
  <resultMap id="BaseResultMap" type="com.bota.bean.Classes" >
    <id column="id" property="id" jdbcType="BIGINT" />
    <result column="name" property="name" jdbcType="VARCHAR" />
    <result column="majorId" property="majorid" jdbcType="BIGINT" />
    <result column="createTime" property="createtime" jdbcType="TIMESTAMP" />
  </resultMap>
  <sql id="Base_Column_List" >
    id, name, majorId, createTime
  </sql>
  <select id="selectByPrimaryKey" resultType="com.bota.bean.Classes" parameterType="java.lang.Long" >
    select 
    <include refid="Base_Column_List" />
    from classes
    where id = #{id,jdbcType=BIGINT}
  </select>
  <delete id="deleteByPrimaryKey" parameterType="java.lang.Long" >
    delete from classes
    where id = #{id,jdbcType=BIGINT}
  </delete>
  <insert id="insert" parameterType="com.bota.bean.Classes" >
    insert into classes (id, name, majorId, 
      createTime)
    values (#{id,jdbcType=BIGINT}, #{name,jdbcType=VARCHAR}, #{majorid,jdbcType=BIGINT}, 
      #{createtime,jdbcType=TIMESTAMP})
  </insert>
  <insert id="insertSelective" parameterType="com.bota.bean.Classes" >
    insert into classes
    <trim prefix="(" suffix=")" suffixOverrides="," >
      <if test="id != null" >
        id,
      </if>
      <if test="name != null" >
        name,
      </if>
      <if test="majorid != null" >
        majorId,
      </if>
      <if test="createtime != null" >
        createTime,
      </if>
    </trim>
    <trim prefix="values (" suffix=")" suffixOverrides="," >
      <if test="id != null" >
        #{id,jdbcType=BIGINT},
      </if>
      <if test="name != null" >
        #{name,jdbcType=VARCHAR},
      </if>
      <if test="majorid != null" >
        #{majorid,jdbcType=BIGINT},
      </if>
      <if test="createtime != null" >
        #{createtime,jdbcType=TIMESTAMP},
      </if>
    </trim>
  </insert>
  <update id="updateByPrimaryKeySelective" parameterType="com.bota.bean.Classes" >
    update classes
    <set >
      <if test="name != null" >
        name = #{name,jdbcType=VARCHAR},
      </if>
      <if test="majorid != null" >
        majorId = #{majorid,jdbcType=BIGINT},
      </if>
      <if test="createtime != null" >
        createTime = #{createtime,jdbcType=TIMESTAMP},
      </if>
    </set>
    where id = #{id,jdbcType=BIGINT}
  </update>
  <update id="updateByPrimaryKey" parameterType="com.bota.bean.Classes" >
    update classes
    set name = #{name,jdbcType=VARCHAR},
      majorId = #{majorid,jdbcType=BIGINT},
      createTime = #{createtime,jdbcType=TIMESTAMP}
    where id = #{id,jdbcType=BIGINT}
  </update>
</mapper>