<?xml version="1.0" encoding="UTF-8" ?>
<!DOCTYPE mapper PUBLIC "-//mybatis.org//DTD Mapper 3.0//EN" "http://mybatis.org/dtd/mybatis-3-mapper.dtd" >
<mapper namespace="com.bota.dao.StudentCourseDao" >
  <resultMap id="BaseResultMap" type="com.bota.bean.StudentCourse" >
    <id column="id" property="id" jdbcType="BIGINT" />
    <result column="studentId" property="studentid" jdbcType="BIGINT" />
    <result column="courseId" property="courseid" jdbcType="BIGINT" />
    <result column="grade" property="grade" jdbcType="INTEGER" />
    <result column="createTime" property="createtime" jdbcType="TIMESTAMP" />
  </resultMap>
  <sql id="Base_Column_List" >
    id, studentId, courseId, grade, createTime
  </sql>
  <select id="selectByPrimaryKey" resultType="com.bota.bean.StudentCourse" parameterType="java.lang.Long" >
    select 
    <include refid="Base_Column_List" />
    from studentcourse
    where id = #{id,jdbcType=BIGINT}
  </select>
  <delete id="deleteByPrimaryKey" parameterType="java.lang.Long" >
    delete from studentcourse
    where id = #{id,jdbcType=BIGINT}
  </delete>
  <insert id="insert" parameterType="com.bota.bean.StudentCourse" >
    insert into studentcourse (id, studentId, courseId, 
      grade, createTime)
    values (#{id,jdbcType=BIGINT}, #{studentid,jdbcType=BIGINT}, #{courseid,jdbcType=BIGINT}, 
      #{grade,jdbcType=INTEGER}, #{createtime,jdbcType=TIMESTAMP})
  </insert>
  <insert id="insertSelective" parameterType="com.bota.bean.StudentCourse" >
    insert into studentcourse
    <trim prefix="(" suffix=")" suffixOverrides="," >
      <if test="id != null" >
        id,
      </if>
      <if test="studentid != null" >
        studentId,
      </if>
      <if test="courseid != null" >
        courseId,
      </if>
      <if test="grade != null" >
        grade,
      </if>
      <if test="createtime != null" >
        createTime,
      </if>
    </trim>
    <trim prefix="values (" suffix=")" suffixOverrides="," >
      <if test="id != null" >
        #{id,jdbcType=BIGINT},
      </if>
      <if test="studentid != null" >
        #{studentid,jdbcType=BIGINT},
      </if>
      <if test="courseid != null" >
        #{courseid,jdbcType=BIGINT},
      </if>
      <if test="grade != null" >
        #{grade,jdbcType=INTEGER},
      </if>
      <if test="createtime != null" >
        #{createtime,jdbcType=TIMESTAMP},
      </if>
    </trim>
  </insert>
  <update id="updateByPrimaryKeySelective" parameterType="com.bota.bean.StudentCourse" >
    update studentcourse
    <set >
      <if test="studentid != null" >
        studentId = #{studentid,jdbcType=BIGINT},
      </if>
      <if test="courseid != null" >
        courseId = #{courseid,jdbcType=BIGINT},
      </if>
      <if test="grade != null" >
        grade = #{grade,jdbcType=INTEGER},
      </if>
      <if test="createtime != null" >
        createTime = #{createtime,jdbcType=TIMESTAMP},
      </if>
    </set>
    where id = #{id,jdbcType=BIGINT}
  </update>
  <update id="updateByPrimaryKey" parameterType="com.bota.bean.StudentCourse" >
    update studentcourse
    set studentId = #{studentid,jdbcType=BIGINT},
      courseId = #{courseid,jdbcType=BIGINT},
      grade = #{grade,jdbcType=INTEGER},
      createTime = #{createtime,jdbcType=TIMESTAMP}
    where id = #{id,jdbcType=BIGINT}
  </update>
</mapper>