<?xml version="1.0" encoding="UTF-8"?>
<!DOCTYPE configuration
  PUBLIC "-//mybatis.org//DTD Config 3.0//EN"
  "http://mybatis.org/dtd/mybatis-3-config.dtd">
<!-- 根标签 -->
<configuration>
	<!-- 设置Mybatis的log实现为LOG4J -->
	<settings>
		<setting name="logImpl" value="LOG4J" />
	</settings>
	<!-- 环境，可以配置多个，default：指定采用哪个环境 -->
	<environments default="test">
		<!-- id：唯一标识 -->
		<environment id="test">
			<!-- 事务管理器，JDBC类型的事务管理器 -->
			<transactionManager type="JDBC" />
			<!-- 数据源，池类型的数据源 -->
			<dataSource type="POOLED">
				<property name="driver" value="com.mysql.jdbc.Driver" />
				<property name="url"	value="jdbc:mysql://127.0.0.1:3306/testdb?useUnicode=true&amp;characterEncoding=UTF-8" />
				<property name="username" value="root" />
				<property name="password" value="huawei@123" />
			</dataSource>
		</environment>
	</environments>
	
	<!-- 配置mapper映射文件 -->
	<mappers>
		<mapper resource="mapper/UserMapper.xml" />
	</mappers>

</configuration>
